"Year","Software Version","Patient County","PQI Number","PQI Name","Observed Rate Per 100,000 People","Expected Rate Per 100,000 People"
"2023","v2024","Bronx","PQI_01","Diabetes Short-Term Complications","114.88","91.89"
"2023","v2024","Bronx","PQI_03","Diabetes Long-Term Complications","248.10","168.88"
"2023","v2024","Bronx","PQI_16","Lower-Extremity Amputation among Patients with Diabetes","51.97","42.14"
"2023","v2024","Kings","PQI_01","Diabetes Short-Term Complications","71.08","80.92"
"2023","v2024","Kings","PQI_03","Diabetes Long-Term Complications","121.12","135.41"
"2023","v2024","Kings","PQI_16","Lower-Extremity Amputation among Patients with Diabetes","33.34","34.75"
"2023","v2024","New York","PQI_01","Diabetes Short-Term Complications","60.96","65.00"
"2023","v2024","New York","PQI_03","Diabetes Long-Term Complications","128.78","118.45"
"2023","v2024","New York","PQI_16","Lower-Extremity Amputation among Patients with Diabetes","25.33","30.26"
"2023","v2024","Queens","PQI_01","Diabetes Short-Term Complications","54.28","68.01"
"2023","v2024","Queens","PQI_03","Diabetes Long-Term Complications","114.98","131.53"
"2023","v2024","Queens","PQI_16","Lower-Extremity Amputation among Patients with Diabetes","33.32","34.04"
"2023","v2024","Richmond","PQI_01","Diabetes Short-Term Complications","59.98","57.74"
"2023","v2024","Richmond","PQI_03","Diabetes Long-Term Complications","165.06","108.87"
"2023","v2024","Richmond","PQI_16","Lower-Extremity Amputation among Patients with Diabetes","36.40","28.65"
"2022","v2024","Bronx","PQI_01","Diabetes Short-Term Complications","112.80","91.70"
"2022","v2024","Bronx","PQI_03","Diabetes Long-Term Complications","228.05","157.54"
"2022","v2024","Bronx","PQI_16","Lower-Extremity Amputation among Patients with Diabetes","51.05","38.78"
"2022","v2024","Kings","PQI_01","Diabetes Short-Term Complications","67.16","82.83"
"2022","v2024","Kings","PQI_03","Diabetes Long-Term Complications","118.24","128.31"
"2022","v2024","Kings","PQI_16","Lower-Extremity Amputation among Patients with Diabetes","33.14","32.65"
"2022","v2024","New York","PQI_01","Diabetes Short-Term Complications","57.99","65.00"
"2022","v2024","New York","PQI_03","Diabetes Long-Term Complications","122.45","111.36"
"2022","v2024","New York","PQI_16","Lower-Extremity Amputation among Patients with Diabetes","27.71","28.23"
"2022","v2024","Queens","PQI_01","Diabetes Short-Term Complications","58.50","72.60"
"2022","v2024","Queens","PQI_03","Diabetes Long-Term Complications","106.29","132.71"
"2022","v2024","Queens","PQI_16","Lower-Extremity Amputation among Patients with Diabetes","30.31","34.35"
"2022","v2024","Richmond","PQI_01","Diabetes Short-Term Complications","69.30","59.24"
"2022","v2024","Richmond","PQI_03","Diabetes Long-Term Complications","136.05","103.79"
"2022","v2024","Richmond","PQI_16","Lower-Extremity Amputation among Patients with Diabetes","24.97","27.01"
"2021","v2023","Bronx","PQI_01","Diabetes Short-Term Complications","117.10","98.68"
"2021","v2023","Bronx","PQI_03","Diabetes Long-Term Complications","227.35","158.95"
"2021","v2023","Bronx","PQI_16","Lower-Extremity Amputation among Patients with Diabetes","54.18","39.78"
"2021","v2023","Kings","PQI_01","Diabetes Short-Term Complications","75.74","89.70"
"2021","v2023","Kings","PQI_03","Diabetes Long-Term Complications","127.50","130.23"
"2021","v2023","Kings","PQI_16","Lower-Extremity Amputation among Patients with Diabetes","34.37","33.03"
"2021","v2023","New York","PQI_01","Diabetes Short-Term Complications","63.12","68.44"
"2021","v2023","New York","PQI_03","Diabetes Long-Term Complications","116.94","113.41"
"2021","v2023","New York","PQI_16","Lower-Extremity Amputation among Patients with Diabetes","22.62","28.66"
"2021","v2023","Queens","PQI_01","Diabetes Short-Term Complications","54.76","76.22"
"2021","v2023","Queens","PQI_03","Diabetes Long-Term Complications","110.87","133.29"
"2021","v2023","Queens","PQI_16","Lower-Extremity Amputation among Patients with Diabetes","32.03","33.87"
"2021","v2023","Richmond","PQI_01","Diabetes Short-Term Complications","59.53","62.50"
"2021","v2023","Richmond","PQI_03","Diabetes Long-Term Complications","136.68","105.49"
"2021","v2023","Richmond","PQI_16","Lower-Extremity Amputation among Patients with Diabetes","27.76","27.29"
"2020","v2022","Bronx","PQI_01","Diabetes Short-Term Complications","127.82","99.99"
"2020","v2022","Bronx","PQI_03","Diabetes Long-Term Complications","194.47","140.00"
"2020","v2022","Bronx","PQI_16","Lower-Extremity Amputation among Patients with Diabetes","49.04","37.87"
"2020","v2022","Kings","PQI_01","Diabetes Short-Term Complications","79.84","89.48"
"2020","v2022","Kings","PQI_03","Diabetes Long-Term Complications","121.76","117.70"
"2020","v2022","Kings","PQI_16","Lower-Extremity Amputation among Patients with Diabetes","37.53","32.08"
"2020","v2022","New York","PQI_01","Diabetes Short-Term Complications","48.53","68.41"
"2020","v2022","New York","PQI_03","Diabetes Long-Term Complications","99.65","101.51"
"2020","v2022","New York","PQI_16","Lower-Extremity Amputation among Patients with Diabetes","22.21","27.76"
"2020","v2022","Queens","PQI_01","Diabetes Short-Term Complications","60.34","76.44"
"2020","v2022","Queens","PQI_03","Diabetes Long-Term Complications","95.70","117.09"
"2020","v2022","Queens","PQI_16","Lower-Extremity Amputation among Patients with Diabetes","29.34","31.94"
"2020","v2022","Richmond","PQI_01","Diabetes Short-Term Complications","65.04","62.51"
"2020","v2022","Richmond","PQI_03","Diabetes Long-Term Complications","137.02","96.79"
"2020","v2022","Richmond","PQI_16","Lower-Extremity Amputation among Patients with Diabetes","33.32","26.54"
"2019","v2021","Bronx","PQI_01","Diabetes Short-Term Complications","116.79","95.58"
"2019","v2021","Bronx","PQI_03","Diabetes Long-Term Complications","255.56","168.62"
"2019","v2021","Bronx","PQI_16","Lower-Extremity Amputation among Patients with Diabetes","50.88","38.80"
"2019","v2021","Kings","PQI_01","Diabetes Short-Term Complications","76.13","86.01"
"2019","v2021","Kings","PQI_03","Diabetes Long-Term Complications","150.35","142.23"
"2019","v2021","Kings","PQI_16","Lower-Extremity Amputation among Patients with Diabetes","37.82","33.31"
"2019","v2021","New York","PQI_01","Diabetes Short-Term Complications","58.02","66.94"
"2019","v2021","New York","PQI_03","Diabetes Long-Term Complications","114.15","121.71"
"2019","v2021","New York","PQI_16","Lower-Extremity Amputation among Patients with Diabetes","22.96","28.59"
"2019","v2021","Queens","PQI_01","Diabetes Short-Term Complications","54.12","73.57"
"2019","v2021","Queens","PQI_03","Diabetes Long-Term Complications","116.23","142.17"
"2019","v2021","Queens","PQI_16","Lower-Extremity Amputation among Patients with Diabetes","32.23","33.75"
"2019","v2021","Richmond","PQI_01","Diabetes Short-Term Complications","54.20","61.43"
"2019","v2021","Richmond","PQI_03","Diabetes Long-Term Complications","174.49","116.06"
"2019","v2021","Richmond","PQI_16","Lower-Extremity Amputation among Patients with Diabetes","32.25","28.02"
"2018","v2021","Bronx","PQI_01","Diabetes Short-Term Complications","119.33","96.02"
"2018","v2021","Bronx","PQI_03","Diabetes Long-Term Complications","240.58","157.97"
"2018","v2021","Bronx","PQI_16","Lower-Extremity Amputation among Patients with Diabetes","51.47","37.96"
"2018","v2021","Kings","PQI_01","Diabetes Short-Term Complications","77.92","87.83"
"2018","v2021","Kings","PQI_03","Diabetes Long-Term Complications","141.85","133.96"
"2018","v2021","Kings","PQI_16","Lower-Extremity Amputation among Patients with Diabetes","36.14","33.20"
"2018","v2021","New York","PQI_01","Diabetes Short-Term Complications","59.61","68.72"
"2018","v2021","New York","PQI_03","Diabetes Long-Term Complications","106.86","115.17"
"2018","v2021","New York","PQI_16","Lower-Extremity Amputation among Patients with Diabetes","25.52","28.61"
"2018","v2021","Queens","PQI_01","Diabetes Short-Term Complications","56.27","75.45"
"2018","v2021","Queens","PQI_03","Diabetes Long-Term Complications","108.56","134.36"
"2018","v2021","Queens","PQI_16","Lower-Extremity Amputation among Patients with Diabetes","29.37","34.11"
"2018","v2021","Richmond","PQI_01","Diabetes Short-Term Complications","63.00","62.92"
"2018","v2021","Richmond","PQI_03","Diabetes Long-Term Complications","150.56","109.90"
"2018","v2021","Richmond","PQI_16","Lower-Extremity Amputation among Patients with Diabetes","29.90","27.25"
"2017","v2018","Bronx","PQI_01","Diabetes Short-Term Complications","78.04","60.25"
"2017","v2018","Bronx","PQI_03","Diabetes Long-Term Complications","212.74","140.09"
"2017","v2018","Bronx","PQI_16","Lower-Extremity Amputation among Patients with Diabetes","43.20","31.59"
"2017","v2018","Kings","PQI_01","Diabetes Short-Term Complications","46.38","56.77"
"2017","v2018","Kings","PQI_03","Diabetes Long-Term Complications","136.87","125.11"
"2017","v2018","Kings","PQI_16","Lower-Extremity Amputation among Patients with Diabetes","29.62","28.92"
"2017","v2018","New York","PQI_01","Diabetes Short-Term Complications","37.45","44.75"
"2017","v2018","New York","PQI_03","Diabetes Long-Term Complications","101.57","103.93"
"2017","v2018","New York","PQI_16","Lower-Extremity Amputation among Patients with Diabetes","24.18","24.03"
"2017","v2018","Queens","PQI_01","Diabetes Short-Term Complications","31.53","47.32"
"2017","v2018","Queens","PQI_03","Diabetes Long-Term Complications","95.13","125.14"
"2017","v2018","Queens","PQI_16","Lower-Extremity Amputation among Patients with Diabetes","25.68","28.99"
"2017","v2018","Richmond","PQI_01","Diabetes Short-Term Complications","34.61","40.81"
"2017","v2018","Richmond","PQI_03","Diabetes Long-Term Complications","162.33","101.51"
"2017","v2018","Richmond","PQI_16","Lower-Extremity Amputation among Patients with Diabetes","22.81","23.43"
"2016","7.0","Bronx","PQI_01","Diabetes Short-Term Complications","62.12","48.52"
"2016","7.0","Bronx","PQI_03","Diabetes Long-Term Complications","170.56","109.32"
"2016","7.0","Bronx","PQI_16","Lower-Extremity Amputation among Patients with Diabetes","38.27","27.39"
"2016","7.0","Kings","PQI_01","Diabetes Short-Term Complications","39.55","47.61"
"2016","7.0","Kings","PQI_03","Diabetes Long-Term Complications","106.05","98.03"
"2016","7.0","Kings","PQI_16","Lower-Extremity Amputation among Patients with Diabetes","27.29","24.63"
"2016","7.0","New York","PQI_01","Diabetes Short-Term Complications","30.26","38.11"
"2016","7.0","New York","PQI_03","Diabetes Long-Term Complications","71.21","79.13"
"2016","7.0","New York","PQI_16","Lower-Extremity Amputation among Patients with Diabetes","19.93","20.16"
"2016","7.0","Queens","PQI_01","Diabetes Short-Term Complications","28.16","39.38"
"2016","7.0","Queens","PQI_03","Diabetes Long-Term Complications","71.16","96.44"
"2016","7.0","Queens","PQI_16","Lower-Extremity Amputation among Patients with Diabetes","19.01","24.35"
"2016","7.0","Richmond","PQI_01","Diabetes Short-Term Complications","30.80","34.73"
"2016","7.0","Richmond","PQI_03","Diabetes Long-Term Complications","129.95","75.52"
"2016","7.0","Richmond","PQI_16","Lower-Extremity Amputation among Patients with Diabetes","21.34","19.05"
"2015","5.0","Bronx","PQI_01","Diabetes Short-Term Complications","118.17","88.11"
"2015","5.0","Bronx","PQI_03","Diabetes Long-Term Complications","256.20","161.19"
"2015","5.0","Bronx","PQI_16","Lower-Extremity Amputation among Patients with Diabetes","31.92","20.30"
"2015","5.0","Kings","PQI_01","Diabetes Short-Term Complications","72.30","82.84"
"2015","5.0","Kings","PQI_03","Diabetes Long-Term Complications","174.07","147.51"
"2015","5.0","Kings","PQI_16","Lower-Extremity Amputation among Patients with Diabetes","19.77","18.55"
"2015","5.0","New York","PQI_01","Diabetes Short-Term Complications","56.78","62.62"
"2015","5.0","New York","PQI_03","Diabetes Long-Term Complications","109.67","117.34"
"2015","5.0","New York","PQI_16","Lower-Extremity Amputation among Patients with Diabetes","15.73","15.04"
"2015","5.0","Queens","PQI_01","Diabetes Short-Term Complications","55.88","68.93"
"2015","5.0","Queens","PQI_03","Diabetes Long-Term Complications","116.14","141.66"
"2015","5.0","Queens","PQI_16","Lower-Extremity Amputation among Patients with Diabetes","13.63","17.75"
"2015","5.0","Richmond","PQI_01","Diabetes Short-Term Complications","44.15","56.55"
"2015","5.0","Richmond","PQI_03","Diabetes Long-Term Complications","165.21","107.85"
"2015","5.0","Richmond","PQI_16","Lower-Extremity Amputation among Patients with Diabetes","14.90","13.73"
"2014","5.0","Bronx","PQI_01","Diabetes Short-Term Complications","118.12","84.70"
"2014","5.0","Bronx","PQI_03","Diabetes Long-Term Complications","267.03","167.52"
"2014","5.0","Bronx","PQI_16","Lower-Extremity Amputation among Patients with Diabetes","36.68","20.33"
"2014","5.0","Kings","PQI_01","Diabetes Short-Term Complications","72.99","81.42"
"2014","5.0","Kings","PQI_03","Diabetes Long-Term Complications","175.07","151.21"
"2014","5.0","Kings","PQI_16","Lower-Extremity Amputation among Patients with Diabetes","19.37","18.65"
"2014","5.0","New York","PQI_01","Diabetes Short-Term Complications","52.88","61.22"
"2014","5.0","New York","PQI_03","Diabetes Long-Term Complications","121.89","121.72"
"2014","5.0","New York","PQI_16","Lower-Extremity Amputation among Patients with Diabetes","16.21","15.45"
"2014","5.0","Queens","PQI_01","Diabetes Short-Term Complications","52.32","67.02"
"2014","5.0","Queens","PQI_03","Diabetes Long-Term Complications","125.72","144.52"
"2014","5.0","Queens","PQI_16","Lower-Extremity Amputation among Patients with Diabetes","13.75","17.68"
"2014","5.0","Richmond","PQI_01","Diabetes Short-Term Complications","51.98","56.32"
"2014","5.0","Richmond","PQI_03","Diabetes Long-Term Complications","167.42","109.46"
"2014","5.0","Richmond","PQI_16","Lower-Extremity Amputation among Patients with Diabetes","8.75","13.90"
"2013","4.5","Bronx","PQI_01","Diabetes Short-Term Complications","120.46","90.14"
"2013","4.5","Bronx","PQI_03","Diabetes Long-Term Complications","282.44","186.33"
"2013","4.5","Bronx","PQI_16","Lower-Extremity Amputation among Patients with Diabetes","36.00","20.84"
"2013","4.5","Kings","PQI_01","Diabetes Short-Term Complications","68.63","80.62"
"2013","4.5","Kings","PQI_03","Diabetes Long-Term Complications","185.91","160.24"
"2013","4.5","Kings","PQI_16","Lower-Extremity Amputation among Patients with Diabetes","18.74","18.08"
"2013","4.5","New York","PQI_01","Diabetes Short-Term Complications","54.71","61.21"
"2013","4.5","New York","PQI_03","Diabetes Long-Term Complications","128.99","130.39"
"2013","4.5","New York","PQI_16","Lower-Extremity Amputation among Patients with Diabetes","15.06","14.97"
"2013","4.5","Queens","PQI_01","Diabetes Short-Term Complications","49.32","67.75"
"2013","4.5","Queens","PQI_03","Diabetes Long-Term Complications","131.60","153.75"
"2013","4.5","Queens","PQI_16","Lower-Extremity Amputation among Patients with Diabetes","10.49","17.15"
"2013","4.5","Richmond","PQI_01","Diabetes Short-Term Complications","54.76","55.55"
"2013","4.5","Richmond","PQI_03","Diabetes Long-Term Complications","173.31","113.91"
"2013","4.5","Richmond","PQI_16","Lower-Extremity Amputation among Patients with Diabetes","11.77","13.38"
"2012","4.5","Bronx","PQI_01","Diabetes Short-term Complications","127.71","91.63"
"2012","4.5","Bronx","PQI_03","Diabetes Long-term Complications","293.15","191.40"
"2012","4.5","Bronx","PQI_16","Lower-Extremity Amputation among Patients with Diabetes","31.24","19.47"
"2012","4.5","Kings","PQI_01","Diabetes Short-term Complications","79.42","80.19"
"2012","4.5","Kings","PQI_03","Diabetes Long-term Complications","207.02","164.01"
"2012","4.5","Kings","PQI_16","Lower-Extremity Amputation among Patients with Diabetes","17.27","17.05"
"2012","4.5","New York","PQI_01","Diabetes Short-term Complications","61.38","61.27"
"2012","4.5","New York","PQI_03","Diabetes Long-term Complications","136.84","132.88"
"2012","4.5","New York","PQI_16","Lower-Extremity Amputation among Patients with Diabetes","13.20","13.86"
"2012","4.5","Queens","PQI_01","Diabetes Short-term Complications","52.47","69.41"
"2012","4.5","Queens","PQI_03","Diabetes Long-term Complications","139.04","160.93"
"2012","4.5","Queens","PQI_16","Lower-Extremity Amputation among Patients with Diabetes","12.76","16.39"
"2012","4.5","Richmond","PQI_01","Diabetes Short-term Complications","45.76","55.66"
"2012","4.5","Richmond","PQI_03","Diabetes Long-term Complications","179.08","118.80"
"2012","4.5","Richmond","PQI_16","Lower-Extremity Amputation among Patients with Diabetes","11.00","12.54"
"2011","4.5","Bronx","PQI_01","Diabetes Short-term Complications","116.71","86.02"
"2011","4.5","Bronx","PQI_03","Diabetes Long-term Complications","302.94","208.89"
"2011","4.5","Bronx","PQI_16","Lower-Extremity Amputation among Patients with Diabetes","29.48","19.36"
"2011","4.5","Kings","PQI_01","Diabetes Short-term Complications","77.99","80.41"
"2011","4.5","Kings","PQI_03","Diabetes Long-term Complications","218.90","184.69"
"2011","4.5","Kings","PQI_16","Lower-Extremity Amputation among Patients with Diabetes","18.15","17.60"
"2011","4.5","New York","PQI_01","Diabetes Short-term Complications","45.76","57.42"
"2011","4.5","New York","PQI_03","Diabetes Long-term Complications","135.19","142.89"
"2011","4.5","New York","PQI_16","Lower-Extremity Amputation among Patients with Diabetes","14.63","13.75"
"2011","4.5","Queens","PQI_01","Diabetes Short-term Complications","49.61","64.79"
"2011","4.5","Queens","PQI_03","Diabetes Long-term Complications","142.01","172.59"
"2011","4.5","Queens","PQI_16","Lower-Extremity Amputation among Patients with Diabetes","11.44","16.17"
"2011","4.5","Richmond","PQI_01","Diabetes Short-term Complications","39.16","52.91"
"2011","4.5","Richmond","PQI_03","Diabetes Long-term Complications","181.50","128.04"
"2011","4.5","Richmond","PQI_16","Lower-Extremity Amputation among Patients with Diabetes","10.56","12.65"
"2010","4.5","Bronx","PQI_01","Diabetes Short-term Complications","126.83","83.82"
"2010","4.5","Bronx","PQI_03","Diabetes Long-term Complications","312.84","206.91"
"2010","4.5","Bronx","PQI_16","Lower-Extremity Amputation among Patients with Diabetes","28.27","18.59"
"2010","4.5","Kings","PQI_01","Diabetes Short-term Complications","73.70","76.34"
"2010","4.5","Kings","PQI_03","Diabetes Long-term Complications","228.47","191.07"
"2010","4.5","Kings","PQI_16","Lower-Extremity Amputation among Patients with Diabetes","18.92","17.93"
"2010","4.5","New York","PQI_01","Diabetes Short-term Complications","48.84","55.00"
"2010","4.5","New York","PQI_03","Diabetes Long-term Complications","133.32","147.18"
"2010","4.5","New York","PQI_16","Lower-Extremity Amputation among Patients with Diabetes","11.22","13.86"
"2010","4.5","Queens","PQI_01","Diabetes Short-term Complications","44.99","62.48"
"2010","4.5","Queens","PQI_03","Diabetes Long-term Complications","143.33","173.47"
"2010","4.5","Queens","PQI_16","Lower-Extremity Amputation among Patients with Diabetes","10.45","15.73"
"2010","4.5","Richmond","PQI_01","Diabetes Short-term Complications","41.69","49.83"
"2010","4.5","Richmond","PQI_03","Diabetes Long-term Complications","164.01","124.41"
"2010","4.5","Richmond","PQI_16","Lower-Extremity Amputation among Patients with Diabetes","10.34","11.99"
"2009","4.5","Bronx","PQI_01","Diabetes Short-term Complications","122.10","83.38"
"2009","4.5","Bronx","PQI_03","Diabetes Long-term Complications","303.82","208.89"
"2009","4.5","Bronx","PQI_16","Lower-Extremity Amputation among Patients with Diabetes","24.09","19.25"
"2009","4.5","Kings","PQI_01","Diabetes Short-term Complications","78.76","77.33"
"2009","4.5","Kings","PQI_03","Diabetes Long-term Complications","227.59","195.36"
"2009","4.5","Kings","PQI_16","Lower-Extremity Amputation among Patients with Diabetes","18.92","18.59"
"2009","4.5","New York","PQI_01","Diabetes Short-term Complications","55.55","54.78"
"2009","4.5","New York","PQI_03","Diabetes Long-term Complications","147.84","147.40"
"2009","4.5","New York","PQI_16","Lower-Extremity Amputation among Patients with Diabetes","12.32","14.52"
"2009","4.5","Queens","PQI_01","Diabetes Short-term Complications","44.77","63.47"
"2009","4.5","Queens","PQI_03","Diabetes Long-term Complications","149.16","174.79"
"2009","4.5","Queens","PQI_16","Lower-Extremity Amputation among Patients with Diabetes","12.32","16.17"
"2009","4.5","Richmond","PQI_01","Diabetes Short-term Complications","49.61","49.28"
"2009","4.5","Richmond","PQI_03","Diabetes Long-term Complications","174.79","124.08"
"2009","4.5","Richmond","PQI_16","Lower-Extremity Amputation among Patients with Diabetes","13.64","12.43"
